{
    "Signal": {
        "yield": 538.0,
        "mass": {
            "2Gaussian+CrystalBall": {
                "muCB": 5.280500506948775,
                "alphaCB": -5.3022425168550456,
                "sigmaCB": 0.03092999416324259,
                "nCB": 3.0438535136416878,
                "muGauss": 5.278494851564458,
                "sigmaGauss1": 0.05835146361679967,
                "sigmaGauss2": 0.10102419078624053,
                "fracCB": 0.49641896946768643,
                "fracGauss1": 0.35188002124745454,
                "fracGauss2": 0.1199130312811354
            }
        },
        "angle": {
            "AFB": 0,
            "FH": 0.2,
            "Chi2EffyCoefs": [
                1,
                0.098,
                -1.0869,
                0.012,
                -0.1788,
                0.069
            ]
        }
    },
    "Background": {
        "yield": 5326.0,
        "mass": {
            "Exponential+Gauss": {
                "mu": 4.973826395867015,
                "sigma": 0.11840086441328829,
                "lambda_": -0.11118976231969459,
                "fraction_exp": 0.8638028934575626
            }
        },
        "angle": {
            "2SideBands": {
                "Left": {
                    "mu": 0,
                    "sigma": 0.1,
                    "fraction_Cheby": 1,
                    "coefs": [
                        1,
                        0.08718022074688103,
                        -0.2498755711090439,
                        0.0071827404755375746,
                        -0.10486673877605102
                    ]
                },
                "Right": {
                    "mu": 0,
                    "sigma": 0.1,
                    "fraction_Cheby": 1,
                    "coefs": [
                        1,
                        0.023969153045831915,
                        -0.04201786376824712,
                        0.020019073036346313,
                        -0.2960833332014041,
                        0.04666487365885574
                    ]
                }
            }
        }
    },
    "limits": [
        5,
        5.7
    ]
}