{
    "Signal": {
        "yield": 1225.0,
        "mass": {
            "2Gaussian+CrystalBall": {
                "muCB": 5.257807332797549,
                "alphaCB": -5.300001717846175,
                "sigmaCB": 0.0920502564960776,
                "nCB": 3.000000066552244,
                "muGauss": 5.2758513097464395,
                "sigmaGauss1": 0.02889707627999683,
                "sigmaGauss2": 0.050670087833447224,
                "fracCB": 0.1707159352163155,
                "fracGauss1": 0.4100520244973057,
                "fracGauss2": 0.38696031513502704,
                "fraction_exp": 5.2758513097464395
            }
        },
        "angle": {
            "AFB": 0,
            "FH": 0.2,
            "Chi2EffyCoefs": [
                1,
                -0.0642,
                -0.6991,
                -0.0508,
                -0.1014,
                -0.0028,
                0.055,
                -0.0631
            ]
        }
    },
    "Background": {
        "yield": 7951.0,
        "mass": {
            "Exponential+Gauss": {
                "mu": 4.848753724146195,
                "sigma": 0.1498926265881439,
                "lambda_": -0.5315201938412107,
                "fraction_exp": 0.903984304486764
            }
        },
        "angle": {
            "2SideBands": {
                "Left": {
                    "mu": 0.73517339820511,
                    "sigma": 0.03845748997941344,
                    "fraction_Cheby": 0.9285855436958304,
                    "coefs": [
                        1,
                        0.24508472806560944,
                        0.043385587691808114,
                        0.1384173712305241
                    ]
                },
                "Right": {
                    "mu": 0.22316883357382622,
                    "sigma": 0.03877192818433032,
                    "fraction_Cheby": 0.9335771093320941,
                    "coefs": [
                        1,
                        -0.018767951439740083,
                        0.36714531392329275
                    ]
                }
            }
        }
    },
    "limits": [
        5,
        5.7
    ]
}