{
    "Signal": {
        "yield": 11461.0,
        "mass": {
            "2Gaussian+CrystalBall": {
                "muCB": 5.231314306149153,
                "alphaCB": -5.300001155054666,
                "sigmaCB": 0.1181547429401932,
                "nCB": 3.0000000376589697,
                "muGauss": 5.275985298947395,
                "sigmaGauss1": 0.026976363592267995,
                "sigmaGauss2": 0.051024680064715,
                "fracCB": 0.10374427573187728,
                "fracGauss1": 0.38838331251532043,
                "fracGauss2": 0.502528207005122,
                "fraction_exp": 5.275985298947395
            }
        },
        "angle": {
            "AFB": 0,
            "FH": 0.2,
            "Chi2EffyCoefs": [
                1,
                0.003,
                -0.2063,
                0.001,
                -0.0647,
                -0.0012,
                -0.0257,
                -0.038,
                -0.0392
            ]
        }
    },
    "Background": {
        "yield": 55897.0,
        "mass": {
            "Exponential+Gauss": {
                "mu": 4.897972016718448,
                "sigma": 0.14999548591572873,
                "lambda_": -0.8817942642374456,
                "fraction_exp": 0.866334270128678
            }
        },
        "angle": {
            "2SideBands": {
                "Left": {
                    "mu": 0.7468950818300872,
                    "sigma": 0.08810611120882951,
                    "fraction_Cheby": 0.960155647564642,
                    "coefs": [
                        1,
                        0.2123740439315558,
                        -0.04560497265818997,
                        -0.013795844888648823
                    ]
                },
                "Right": {
                    "mu": 0,
                    "sigma": 0.1,
                    "fraction_Cheby": 1,
                    "coefs": [
                        1,
                        0.12398526781074048,
                        0.412523277273217,
                        0.1602201231097471,
                        0.2754072538868897,
                        0.03749928159915905
                    ]
                }
            }
        }
    },
    "limits": [
        5,
        5.7
    ]
}