{
    "Signal": {
        "yield": 2581.0,
        "mass": {
            "2Gaussian+CrystalBall": {
                "muCB": 5.28215882934994,
                "alphaCB": -5.360273384628768,
                "sigmaCB": 0.024708127557973192,
                "nCB": 7.184528031154259,
                "muGauss": 5.27819914927177,
                "sigmaGauss1": 0.03999998725077733,
                "sigmaGauss2": 0.076260137024383,
                "fracCB": 0.25688062064708767,
                "fracGauss1": 0.4514283717873325,
                "fracGauss2": 0.26202402664228697,
                "fraction_exp": 5.27819914927177
            }
        },
        "angle": {
            "AFB": 0,
            "FH": 0.2,
            "coefsEff": [
                1,
                0.019,
                -0.3276,
                -0.067,
                -0.062,
                0.067
            ],
            "Chi2EffyCoefs": [
                 1,
                 0.019,
                -0.3276,
                -0.067,
                -0.062,
                 0.067
            ]
        }
    },
    "Background": {
        "yield": 13117.0,
        "mass": {
            "Exponential+Gauss": {
                "mu": 5.021534102178651,
                "sigma": 0.030001766075822958,
                "lambda_": -1.0647538805479022,
                "fraction_exp": 0.9905990069880376
            }
        },
        "angle": {
            "2SideBands": {
                "Left": {
                    "mu": 0.7259130945716532,
                    "sigma": 0.10983641564077942,
                    "fraction_Cheby": 0.8461977105726706,
                    "coefs": [
                        1,
                        0.09803523104236089,
                        0.0715578412911464,
                        0.1815145387925703,
                        0.2106145425907675
                    ]
                },
                "Right": {
                    "mu": 0.06378457594373477,
                    "sigma": 0.06469074052564061,
                    "fraction_Cheby": 0.8834580510027069,
                    "coefs": [
                        1,
                        0.12334371383924814,
                        0.3975532182678345,
                        0.10648719361641001,
                        0.301950694270237
                    ]
                }
            }
        }
    },
    "limits": [
        5,
        5.7
    ]
}
