{
    "Signal": {
        "yield": 2089.0,
        "mass": {
            "2Gaussian+CrystalBall": {
                "muCB": 5.279530884222929,
                "alphaCB": -5.300020114803563,
                "sigmaCB": 0.030445302425540575,
                "nCB": 2.95513786495817,
                "muGauss": 5.261412402689476,
                "sigmaGauss1": 0.012927600714636054,
                "sigmaGauss2": 0.06303747068777274,
                "fracCB": 0.5956474141925967,
                "fracGauss1": 0.03300728871641423,
                "fracGauss2": 0.34664260299023353,
                "fraction_exp": 5.261412402689476
            }
        },
        "angle": {
            "AFB": 0,
            "FH": 0.2,
            "Chi2EffyCoefs": [
                1,
                0.056,
                -0.0345,
                0.068,
                -0.0352,
                0.025,
                -0.0863,
                0.029,
                -0.0788
            ]
        }
    },
    "Background": {
        "yield": 7981.0,
        "mass": {
            "Exponential+Gauss": {
                "mu": 4.881354944631507,
                "sigma": 0.14998633614624537,
                "lambda_": -0.8528618143227428,
                "fraction_exp": 0.8633095071687852
            }
        },
        "angle": {
            "2SideBands": {
                "Left": {
                    "mu": 0,
                    "sigma": 0.1,
                    "fraction_Cheby": 1,
                    "coefs": [
                        1,
                        0.16132674011210613,
                        -0.12961170688519008,
                        0.07004284554395834,
                        -0.17203298939400202,
                        -0.01063208541097227
                    ]
                },
                "Right": {
                    "mu": -0.25048197692147645,
                    "sigma": 0.06551660791582839,
                    "fraction_Cheby": 0.8139913926220359,
                    "coefs": [
                        1,
                        0.2534449269777337,
                        0.351649766073697,
                        0.16215819894240857,
                        0.3743770575622716
                    ]
                }
            }
        }
    },
    "limits": [
        5,
        5.7
    ]
}
