{
    "Signal": {
        "yield": 1533.0,
        "mass": {
            "2Gaussian+CrystalBall": {
                "muCB": 5.28036291884092,
                "alphaCB": -5.392282097083167,
                "sigmaCB": 0.03263698451285677,
                "nCB": 3.9489734860218864,
                "muGauss": 5.263171633972831,
                "sigmaGauss1": 0.036508772264869815,
                "sigmaGauss2": 0.0672758514744345,
                "fracCB": 0.6567429634052991,
                "fracGauss1": 0.00010227516414751392,
                "fracGauss2": 0.31405370763411716,
                "fraction_exp": 5.263171633972831
            }
        },
        "angle": {
            "AFB": 0,
            "FH": 0.2,
            "Chi2EffyCoefs": [
                1,
                -0.0383,
                0.078,
                -0.0357,
                -0.0166,
                -0.0842,
                0.042,
                -0.1107
            ]
        }
    },
    "Background": {
        "yield": 5539.0,
        "mass": {
            "Exponential+Gauss": {
                "mu": 4.948046298991423,
                "sigma": 0.14999875294617002,
                "lambda_": -1.0855943739718006,
                "fraction_exp": 0.7092051150922517
            }
        },
        "angle": {
            "2SideBands": {
                "Left": {
                    "mu": 0.5943638340533332,
                    "sigma": 0.2839615185679076,
                    "fraction_Cheby": 0.2913566748752551,
                    "coefs": [
                        1,
                        -1.128365116795166,
                        0.8067026763457243,
                        0.8123336175604163,
                        0.9997092908564349
                    ]
                },
                "Right": {
                    "mu": -0.5617042424830949,
                    "sigma": 0.17278228275868537,
                    "fraction_Cheby": 0.45700857235098924,
                    "coefs": [
                        1,
                        0.9315242024623842,
                        0.9996825928593522,
                        -0.1264124627794062,
                        1.0759478071319175
                    ]
                }
            }
        }
    },
    "limits": [
        5,
        5.7
    ]
}