{
    "Signal": {
        "yield": 1721.0,
        "mass": {
            "2Gaussian+CrystalBall": {
                "muCB": 5.279942472131059,
                "alphaCB": -5.306592808302735,
                "sigmaCB": 0.03220090761605454,
                "nCB": 3.052701910728129,
                "muGauss": 5.253905535062333,
                "sigmaGauss1": 0.03999045410466229,
                "sigmaGauss2": 0.06928983427305987,
                "fracCB": 0.6096080407675054,
                "fracGauss1": 0.0026441794222947235,
                "fracGauss2": 0.3604820615247956,
                "fraction_exp": 5.253905535062333
            }
        },
        "angle": {
            "AFB": 0,
            "FH": 0.2,
            "Chi2EffyCoefs": [
                1,
                0.02,
                0.121,
                0.044,
                -0.1019,
                0.033
            ]
        }
    },
    "Background": {
        "yield": 5775.0,
        "mass": {
            "Exponential+Gauss": {
                "mu": 4.966947877314856,
                "sigma": 0.08746068879743016,
                "lambda_": -1.2696319885141962,
                "fraction_exp": 0.7973647622066878
            }
        },
        "angle": {
            "2SideBands": {
                "Left": {
                    "mu": 0,
                    "sigma": 0.1,
                    "fraction_Cheby": 1,
                    "coefs": [
                        1,
                        0.3983338214902039,
                        0.0469580143876438,
                        -0.2516575101207117
                    ]
                },
                "Right": {
                    "mu": 0,
                    "sigma": 0.1,
                    "fraction_Cheby": 1,
                    "coefs": [
                        1,
                        0.06752462940324566,
                        0.741599768386588,
                        0.1712287313410168,
                        0.26443171170832214
                    ]
                }
            }
        }
    },
    "limits": [
        5,
        5.7
    ]
}