{
    "Signal": {
        "yield": 1513.0,
        "mass": {
            "2Gaussian+CrystalBall": {
                "muCB": 5.109188395741445,
                "alphaCB": -5.29990924844679,
                "sigmaCB": 0.040375917913382936,
                "nCB": 2.9964993371975703,
                "muGauss": 5.282088087532145,
                "sigmaGauss1": 0.03071947459911041,
                "sigmaGauss2": 0.06222786605790734,
                "fracCB": 0.006039662099190768,
                "fracGauss1": 0.5340235528748523,
                "fracGauss2": 0.4462262976463262,
                "fraction_exp": 5.282088087532145
            }
        },
        "angle": {
            "AFB": 0,
            "FH": 0.2,
            "Chi2EffyCoefs": [
                1,
                -0.0071,
                0.091,
                -0.0971,
                0.02,
                -0.0756,
                -0.0302,
                -0.0761
            ]
        }
    },
    "Background": {
        "yield": 8511.0,
        "mass": {
            "Exponential+Gauss": {
                "mu": 5.004954580669296,
                "sigma": 0.14999762354322616,
                "lambda_": -0.27123737323377956,
                "fraction_exp": 0.7629012369521531
            }
        },
        "angle": {
            "2SideBands": {
                "Left": {
                    "mu": 0,
                    "sigma": 0.1,
                    "fraction_Cheby": 1,
                    "coefs": [
                        1,
                        0.25242845822942783,
                        -0.24279796531788778,
                        -0.07171898213398098,
                        0.0049959941552470966
                    ]
                },
                "Right": {
                    "mu": 0,
                    "sigma": 0.1,
                    "fraction_Cheby": 1,
                    "coefs": [
                        1,
                        0.047773259054693984,
                        0.8797235085163733,
                        0.039331953761255534,
                        0.3828026101205295
                    ]
                }
            }
        }
    },
    "limits": [
        5,
        5.7
    ]
}