{
    "Signal": {
        "yield": 2662.0,
        "mass": {
            "2Gaussian+CrystalBall": {
                "muCB": 5.232927770791848,
                "alphaCB": -5.300002071020102,
                "sigmaCB": 0.12174577937601266,
                "nCB": 3.000000077962656,
                "muGauss": 5.278314905609246,
                "sigmaGauss1": 0.027625858016591797,
                "sigmaGauss2": 0.05189446143809388,
                "fracCB": 0.13127166853252747,
                "fracGauss1": 0.372636314078911,
                "fracGauss2": 0.48638238620393126,
                "fraction_exp": 5.278314905609246
            }
        },
        "angle": {
            "AFB": 0,
            "FH": 0.2,
            "Chi2EffyCoefs": [
                1,
                -0.0036,
                -0.697,
                0.017,
                -0.108
            ]
        }
    },
    "Background": {
        "yield": 18140.0,
        "mass": {
            "Exponential+Gauss": {
                "mu": 4.945536437311495,
                "sigma": 0.11061483145209675,
                "lambda_": -0.5198945305678352,
                "fraction_exp": 0.9120102729547984
            }
        },
        "angle": {
            "2SideBands": {
                "Left": {
                    "mu": 0.7473184764507794,
                    "sigma": 0.07054619606321481,
                    "fraction_Cheby": 0.9008794133107418,
                    "coefs": [
                        1,
                        0.11517604024366346,
                        -0.040791109638849354,
                        0.1177317874423407,
                        0.1034134110121987
                    ]
                },
                "Right": {
                    "mu": 0.17821274928010067,
                    "sigma": 0.06136069356794803,
                    "fraction_Cheby": 0.9469433626112883,
                    "coefs": [
                        1,
                        0.0018828095013840862,
                        0.2922630506201007,
                        0.019497674359178374,
                        -0.021423469518675797
                    ]
                }
            }
        }
    },
    "limits": [
        5,
        5.7
    ]
}